Name,LivePerson,Website
1st-air,Yes,https://www.1st-air.net/
T-Mobile,Yes,https://www.t-mobile.com/
ABC Stores,,https://abcstores.com/
Alexander & Baldwin,,https://npgallery.nps.gov/AssetDetail/NRIS/79000755
Aloha Petroleum,,http://www.alohagas.com/
American Savings Bank,,http://www.asbhawaii.com
Aqua Hotels and Resorts,Yes,https://www.aquaaston.com/aqua
Bank of Hawaii,,http://boh.com
Blue Planet Software,,http://blueplanetsoftware.com
Central Pacific Bank,,https://www.nyse.com/quote/XNYS:CPF
Code Rebel,ERROR,http://wallstreetanalyzer.com/code-rebel-corporation-nasdaqcdrb-ceo-interview-2/
First Hawaiian Bank,,http://fhb.com
Foodland Hawaii,,http://www.foodland.com/
Hawaii National Bank,,https://www.hawaiinational.bank
Hawaiian Electric Industries,,http://www.hawaiianelectric.com
Hawaiian Telcom,ERROR,http://www.hawaiiantel.com
Island Pacific Energy,,http://islandpacificenergy.com/
Kamakura Corporation,,http://www.kamakuraco.com/
Kauaʻi Island Utility Cooperative,,http://www.kiuc.coop/
"Matson, Inc.",,http://www.matson.com
Maui Land & Pineapple Company,,https://www.nyse.com/quote/XNYS:MLP
Mauna Loa Macadamia Nut Corporation,,http://www.google.com/aclk?sa=l&ai=DChcSEwiImYa5mpeAAxXYR3IKHR_IAzMYABAAGgJxdQ&sig=AOD64_01L14ihySaNI_tNYJDzkZV3WytRA&ved=2ahUKEwjD5_y4mpeAAxUeE1kFHX_CBSgQ0Qx6BAgLEAE&adurl=
Mountain Apple Company,,http://mountainapplecompany.com
Outrigger Hotels & Resorts,,https://www.outrigger.com/
Pacific LightNet,ERROR,http://www.pacificlight.net/
Phase2 International,ERROR,http://www.phase2.com/
RevoluSun,,http://revolusun.com/
Shirokiya,ERROR,http://www.shirokiya.com/
Sullivan Family of Companies,,https://en.wikipedia.org/wiki/Sullivan_Family_of_Companies
Times Supermarkets,,https://www.timessupermarkets.com/
Tori Richard,,http://www.toririchard.com/
Visionary Related Entertainment,,https://www.fcc.gov/document/visionary-related-entertainment-llc
1st Source,Yes,http://www.1stsource.com/
Accuride,,http://www.accuridecorp.com/
AES Indiana,,http://iplpower.com
Allison Transmission,,http://allisontransmission.com
AM General,,http://www.amgeneral.com/
Angie's List,,https://www.angi.com
Anthem,ERROR,http://www.google.com/aclk?sa=l&ai=DChcSEwiIuP_SmpeAAxWZQXIKHV6yCR0YABAAGgJxdQ&sig=AOD64_1s3G_q9zSPXKbgEpTjQXjbYCgktA&ved=2ahUKEwjj6fbSmpeAAxVzE1kFHYrABg8Q0Qx6BAgMEAE&adurl=
Applied Instruments,,http://www.appliedin.com/
Arni's Restaurant,,http://www.meetyouatarnis.com/
Atlas Van Lines,,https://www.atlasvanlines.com/
Aurora Casket Company,,https://matthewsaurora.com/
Batesville Casket Company,,http://www.batesville.com/
Berry Plastics,,http://www.berryglobal.com
Better World Books,ERROR,http://BetterWorldBooks.com
Biomet,,http://www.biomet.com/
BrightPoint,,https://web.archive.org/web/20061110032857/http://www.brightpoint.com/
Buehler Foods,,http://www.houchensnorth.com
Calumet Lubricants,,http://www.calumetspecialty.com
Celadon Group,ERROR,http://celadontrucking.com
Century Pharmaceuticals,,https://www.centurypharma.com/
Chicago South Shore and South Bend Railroad,,http://www.southshorefreight.com/
CNO Financial Group,,http://cnoinc.com/
Copient Technologies,,https://copienttech.com/
Cummins,ERROR,http://cummins.com
DePuy,ERROR,https://www.depuysynthes.com/
DirectBuy,,http://www.directbuy.com/
Do it Best,,http://www.doitbestonline.com/
Eli Lilly and Company,,https://www.lilly.com
Elwood Staffing,,http://www.elwoodstaffing.com
Emmis Communications,,http://www.emmis.com/
ExactTarget,,https://www.marketingcloud.com
"Finish Line, Inc.",ERROR,http://finishline.com
First Internet Bank of Indiana,,http://www.firstinternetbancorp.com/
First Merchants Corporation,,http://firstmerchants.com
The Ford Meter Box Company,,https://www.fordmeterbox.com/
Golden Rule Insurance Company,,https://www.uhone.com/
Guidant,,https://www.guidantfinancial.com/
Gurney's Seed and Nursery Company,,http://gurneys.com
Harlan,,"https://en.wikipedia.org/wiki/Harlan,_Kentucky"
Haynes International,,https://www.haynesintl.com/
Herff Jones,,http://www.herffjones.com/
hhgregg,,http://hhgregg.com
Hill-Rom,,https://www.hillrom.com/
Hulman & Company,,https://en.wikipedia.org/wiki/Tony_Hulman
Indiana Bell,,http://www.att.com
ITT Technical Institute,ERROR,http://itt-tech.info
JayC Food Stores,ERROR,http://www.jaycfoods.com
"Jayco, Inc",,http://www.jayco.com/
Kimball International,,http://www.kimballinternational.com
Klipsch Audio Technologies,,http://www.klipsch.com/
Marsh Supermarkets,,https://web.archive.org/web/20170619012741/http://www.marsh.net/
MCL Cafeterias,,http://mclhomemade.com
Midcontinent Independent System Operator,,https://www.misoenergy.org
"Monarch Beverage, Inc.",ERROR,http://www.monarch-beverage.com
NiSource,ERROR,http://nisource.com
Noble Roman's,,http://www.nobleromans.com/
North American Van Lines,,http://www.northamerican.com/
Old National Bank,,https://www.oldnational.com
Owen's Market,ERROR,http://www.owensmarket.com
Paige's Music,,http://www.paigesmusic.com
Pay Less Super Markets,ERROR,http://www.pay-less.com
Que Publishing,,http://informit.com
Red Ball Corporation,,https://redbirdcap.com/news/redball-acquisition-corp-completes-575-million-initial-public-offering/
Republic Airways Holdings,,https://rjet.com
Schurz Communications,,https://www.schurz.com/
Scott's Food & Pharmacy,,https://www.scottsseasoningsandmarinades.com/
Shindigz,,http://www.shindigz.com
Shoe Carnival,,http://shoecarnival.com
Simon Property Group,,http://simon.com
Steak 'n Shake,,https://www.steaknshake.com/
Steel Dynamics,,https://en.wikipedia.org/w/index.php?title=Steel_Dynamics&action=edit
Sweetwater Sound,,http://www.sweetwater.com/
Thor Industries,,https://www.thorindustries.com
Three Floyds Brewing,,https://www.3floyds.com
Upland Brewing Company,,https://uplandbeer.com/
Vectren,,http://www.vectren.com/
Vera Bradley,,https://www.verabradley.com
Wabash National,,http://www.wabashnational.com/
Weaver Popcorn Company,,https://www.popweaver.com/
Wheaton World Wide Moving,,http://www.wheatonworldwide.com/
Zimmer Holdings,,http://zimmerbiomet.com
Agriprocessors,,https://en.wikipedia.org/wiki/Agriprocessors
Casey's General Stores,ERROR,http://www.caseys.com
Dubuque Bank and Trust,,http://www.dubuquebank.com/
Fareway,,http://fareway.com
Happy Joe's,,http://happyjoes.com
Hartig Drug,,http://hartigdrug.com
HNI Corporation,,http://hnicorp.com
Hy-Vee,,http://www.hy-vee.com/
iWireless,ERROR,http://iwireless.com
Kum & Go,,https://www.kumandgo.com/
Lee Enterprises,,https://lee.net/
Maid-Rite,,http://www.maid-rite.com
McLeodUSA,ERROR,http://www.mcleodusa.com/
Meredith Corporation,,https://www.dotdashmeredith.com/
MidAmerican Energy Company,,http://www.midamericanenergy.com/
Montgomery Ward,ERROR,https://www.wards.com/
Musco Sport Lighting,,http://www.musco.com/
Norby's Farm Fleet,,http://www.norbysfarmfleet.com
Panchero's Mexican Grill,,http://pancheros.com/
Pioneer Hi-Bred,,http://www.pioneer.com/
Pizza Ranch,,http://pizzaranch.com/
Principal Financial Group,,http://principal.com
Radio Dubuque,,https://www.radiodubuque.com/
The Right Stuf International,,http://www.rightstufanime.com
Riverdeep,,http://hmhco.com
Rockwell Collins,,https://www.collinsaerospace.com/
Vermeer Company,,http://vermeer.com
Von Maur,,http://www.vonmaur.com/
West Liberty Foods,,http://www.wlfoods.com
Winnebago Industries,,http://winnebagoind.com
APS Payroll,,https://www.apspayroll.com
CenturyTel,ERROR,http://lumen.com
Copeland's,,https://copelandsofneworleans.com/
Entergy,,https://www.entergy.com
Freeport-McMoRan,,http://www.fcx.com
Hibernia National Bank,,https://www.hibernia.bank/
Hornbeck Offshore Services,,http://www.hornbeckoffshore.com/
Lamar Advertising Company,,http://lamar.com
McIlhenny Company,,http://www.tabasco.com/
Oreck Corporation,,https://oreck.com/
Raising Cane's Chicken Fingers,,https://raisingcanes.com/
The Shaw Group,,https://theshawgrp.com/
Smoothie King,,http://www.smoothieking.com
Taylor Energy,ERROR,http://www.taylorenergy.com/
Bushmaster Firearms International,,https://www.bushmaster.com
Casco Bay Lines,,https://www.cascobaylines.com/
Cole Haan,,https://www.colehaan.com/
Energy East,,https://en.wikipedia.org/wiki/Energy_East
Fairchild Semiconductor,,https://en.wikipedia.org/wiki/Fairchild_Semiconductor
Ground Round,,http://www.groundround.com/
L. L. Bean,,https://www.llbean.com/
Renys,,http://www.renys.com/
TD Banknorth,,https://www.td.com/us/en/personal-banking
Aggregate industries,,http://www.aggregate.com
Balducci's,,http://www.balduccis.com
Black & Decker,,https://www.blackanddecker.com/
BlueHippo Funding,,https://www.ftc.gov/enforcement/refunds/bluehippo-refunds
BP Solar - USA,,http://www.google.com/aclk?sa=l&ai=DChcSEwjNgNOCnJeAAxUTYHIKHSC9DFIYABAAGgJxdQ&sig=AOD64_0GR4u6tvO3xl2Kz8O6L9MWrYeDVQ&ved=2ahUKEwjhkcqCnJeAAxWbFFkFHXCZApoQ0Qx6BAgMEAE&adurl=
Choice Hotels,ERROR,http://www.choicehotels.com
Constellation,,https://www.constellation.com/
Coventry Health Care,,https://www.coventrywcs.com/
Discovery Communications,,http://corporate.discovery.com
GEICO,,https://www.geico.com
"Giant Food of Landover, Maryland",ERROR,http://giantfood.com
GlobalStem,ERROR,http://www.GlobalStem.com/
Goodwill Industries,,https://www.goodwill.org/
Host Hotels & Resorts,ERROR,https://www.hosthotels.com/
Jerry's Subs & Pizza,,http://www.jerrysusa.com/
JoS. A. Bank Clothiers,ERROR,http://www.josbank.com/
Ledo Pizza,,https://ledopizza.com/
Legg Mason,,https://www.franklintempleton.com/
Lockheed Martin,ERROR,https://www.lockheedmartin.com/
Magruder's,,https://www.magrudersofdc.com/
Marriott International,,https://www.marriott.com/
Mars,,https://mars.nasa.gov/
McCormick & Company,,http://mccormickcorporation.com
MedImmune,ERROR,http://www.medimmune.com/
Mistral Group,,https://www.mistralgroup.com/
PRS Guitars,,https://prsguitars.com/
Perdue Farms,,http://www.perduefarms.com/
Piedmont Airlines,,http://piedmont-airlines.com
Rent-A-Wreck,,https://www.rentawreck.com/
Roy Rogers Family Restaurants,,http://royrogersrestaurants.com
Shoppers Food & Pharmacy,,http://shoppersfood.com
Stuckey's,,https://stuckeys.com/
STX,,https://www.stx.com/
Super Fresh,,https://www.superfreshrva.com/
Sylvan Learning,,http://www.sylvanlearning.com/
T. Rowe Price,,http://www.troweprice.com
Telenor,,http://telenor.com
Transamerica,,https://www.transamerica.com/
Trophogen,,http://www.trophogen.com
Under Armour,,http://underarmour.com
United States Enrichment Corporation,,http://www.centrusenergy.com/
Urban One,,https://Urban1.com
W. R. Grace and Company,,https://www.grace.com/
Westat,,http://www.westat.com
Xometry,,https://www.xometry.com/
ZeniMax Media,,https://www.zenimax.com/
Ergon,,https://ergon.com/
Mossy Oak,,http://www.mossyoak.com/
Peavey Electronics,,http://www.peavey.com/
Viking Range,,http://www.vikingrange.com/
Adam's Mark,,https://en.wikipedia.org/wiki/Adam%27s_Mark
A. G. Edwards,,https://web.archive.org/web/*/http://www.agedwards.com/
AMC Theatres,,https://amctheatres.com
Ameren,,http://ameren.com
Andy's Frozen Custard,,http://eatandys.com
Anheuser-Busch,,http://anheuser-busch.com
"Aquila, Inc.",ERROR,http://www.blackhillsenergy.com/
Arch Coal,,http://www.archrsc.com
B&B Theatres,,http://www.bbtheatres.com/
Baron Aviation Services,,http://www.baron-aviation.com
Bass Pro Shops,ERROR,https://www.basspro.com/
Boeing Integrated Defense Systems,,http://boeing.com/defense/
Brown Shoe Company,ERROR,http://caleres.com
Busch Entertainment Corporation,,http://www.SeaWorldEntertainment.com
Centene Corporation,ERROR,https://www.centene.com/
Cerner,,http://cerner.com
Charter Communications,,https://corporate.charter.com/
Columbia Insurance Group,,http://www.colinsgrp.com/
Commerce Bancshares,,http://www.commercebank.com/
Container Corporation of America,,https://en.wikipedia.org/wiki/Container_Corporation_of_America
Dierbergs,,http://dierbergs.com
Drury Hotels,,http://www.druryhotels.com/
Edward Jones Investments,,http://www.edwardjones.com
Emerson Electric Company,,http://emerson.com
Energizer Holdings,,https://www.energizerholdings.com/
Enterprise Rent-A-Car,,http://enterprise.com
Express Scripts Incorporated,,http://express-scripts.com
Farmland Industries,,https://www.farmlandfoods.com/
Ferrellgas,,http://www.bluerhino.com
GoJet Airlines,,http://www.gojetairlines.com
Graybar Electric Company,ERROR,https://www.graybar.com/
Great Plains Energy,,http://www.evergyinc.com
Hallmark Cards,ERROR,http://hallmark.com
Hardee's,,https://www.hardees.com/
Helzberg Diamonds,,http://www.helzberg.com
HOK Sport + Venue + Event,,http://www.populous.com
H&R Block,,https://www.hrblock.com//
International Hat Company,,https://en.wikipedia.org/wiki/International_Hat_Company
Interstate Bakeries Corporation,,https://en.wikipedia.org/wiki/Interstate_Bakeries
Kansas City Life Insurance Company,,http://www.kclife.com/
Kansas City Southern Industries,,https://en.wikipedia.org/w/index.php?title=Kansas_City_Southern_(company)&action=edit
Leggett & Platt,,http://leggett.com
Lifetouch,,http://lifetouch.com
McCabe-Powers Body Company,,https://en.wikipedia.org/wiki/McCabe-Powers_Body_Company
MFA Oil,,http://www.MFAOIL.com
Metropark Communications,,http://www.metropark.com/
Missouri Employers Mutual Insurance,,http://www.mem-ins.com/
Monsanto Company,,https://web.archive.org/*/http://www.monsanto.com/
Olin Corp.,,http://www.olin.com
O'Reilly Auto Parts,ERROR,http://www.oreillyauto.com
Panera Bread,ERROR,http://panerabread.com
Peabody Energy,,http://www.peabodyenergy.com/
Premium Standard Farms,,https://www.nationalhogfarmer.com/mag/farming_premium_standard_farms
Ralston Purina Company,,https://en.wikipedia.org/wiki/Ralston_Purina
Rawlings,,http://www.google.com/aclk?sa=l&ai=DChcSEwjmlp-QnZeAAxXLQHIKHeRDCfcYABAAGgJxdQ&sig=AOD64_2ko1Hr32E8SxffaMUr7ynBtk0xbw&ved=2ahUKEwjRmJaQnZeAAxVmElkFHW3QCzEQ0Qx6BAgLEAE&adurl=
Russell Stover Candies,,http://www.russellstover.com/
Save-A-Lot,,https://savealot.com/
Schnucks,,https://schnucks.com/
Shelter Insurance,ERROR,https://www.shelterinsurance.com/media/shelterinsurance/contentassets/documents/2014_AnnualReport_lores.pdf
Shop 'n Save,,https://web.archive.org/web/*/http://www.shopnsave.com/
Sigma-Aldrich,,https://www.sigmaaldrich.com
Solutia Inc,,http://www.solutia.com
Suddenlink Communications,,https://www.optimum.com
Trans States Airlines,ERROR,http://www.transstates.net
Mayflower Transit,,https://www.mayflower.com/
Wehrenberg Theatres,,https://www.marcustheatres.com/
Winsteads,,https://winsteadssteakburger.com/
Big Sky Airlines,,https://web.archive.org/web/*/http://www.bigskyair.com/
Big Sky Brewing Company,,http://www.bigskybrew.com/
Conlin's Furniture,,http://www.conlins.com/
Corporate Air,,http://www.corporateair.net
First Interstate BancSystem,,http://firstinterstatebank.com
Kampgrounds of America,,http://www.KOA.com
Merlin Airways,,https://en.wikipedia.org/wiki/Merlin_Airways
RightNow Technologies,,https://oracle.com/cx/service
Semitool,ERROR,http://www.semitool.com/
Shiloh Rifle Manufacturing Company,,http://www.shilohrifle.com
Affiliated Foods Midwest,,http://www.afmidwest.com/
Berkshire Hathaway,,https://berkshirehathaway.com
Buckle,,https://www.buckle.com/
Cabela's,ERROR,http://cabelas.com
ConAgra Foods,,https://en.wikipedia.org/w/index.php?title=Conagra_Brands&action=edit
Douglas Theatre Company,,https://en.wikipedia.org/wiki/Douglas_Theatre_Company
First National of Nebraska,,http://www.fnni.com
Fort Western Stores,,http://www.fortbrands.com
Godfather's Pizza,,http://www.godfathers.com
Gorat's,,http://www.goratsomaha.com
Gordmans,,https://web.archive.org/web/*/http://www.gordmans.com/
HobbyTown USA,ERROR,http://www.hobbytown.com
Intrado,,http://intrado.com
Kiewit Corporation,,http://www.kiewit.com/
Mister C's,,http://www.mistercs.com
Mutual of Omaha,Yes,http://www.mutualofomaha.com
Nelnet,,https://nelnet.com/
Omaha Star,,https://theomahastar.com/
Omaha Steaks,ERROR,http://omahasteaks.com
TD Ameritrade,,https://www.tdameritrade.com/
Union Pacific,,https://www.up.com/index.htm
Werner Enterprises,,http://werner.com
Allegiant Air,ERROR,http://allegiantair.com
Bally Technologies,ERROR,http://sggaming.com/games/bally
Boyd Gaming,ERROR,http://boydgaming.com
Caesars Entertainment,,http://caesars.com
Carroll Shelby International,,http://shelby.com/
Diamond Resorts,ERROR,http://diamondresorts.com/
Las Vegas Sands,,http://sands.com
MGM Mirage,,https://www.mgmresorts.com
National University,,https://www.nu.edu/
Nevada Power Company,,https://www.nvenergy.com/
NV Energy,,http://nvenergy.com
Port of Subs,,https://portofsubs.com
Primaris Airlines,,https://web.archive.org/web/*/http://primarisairlines.com
Red Rock Resorts,,http://redrockresorts.com
Scolari's Food and Drug,,https://en.wikipedia.org/wiki/Scolari%27s_Food_and_Drug
Scenic Airlines,,http://www.scenic.com
Sierra Pacific Resources,,http://nvenergy.com
Sierra Nevada Corporation,,http://www.sncorp.com/
Skagen Designs,,http://www.skagen.com
Southwest Gas Corporation,,https://www.swgas.com/
Terrible Herbst,,http://www.terribleherbst.com
Vici Properties,,http://viciproperties.com
Wynn Resorts,,http://wynnresorts.com
Xtra Airways,,https://www.aveloair.com/
Zappos.com,,http://www.zappos.com/
Boston-Maine Airways,,http://www.flypanam.com/
Brookstone,,http://www.brookstone.com/
C&S Wholesale Grocers,,http://www.cswg.com/
DEKA,,http://www.dekaresearch.com/
Eastern Mountain Sports,,https://www.ems.com/
Hitachi Cable Manchester Inc.,,https://www.hca.hitachi-cable.com/products/hca/press/adds-to-capacity.php
PC Connection,ERROR,https://www.connection.com/
State Line Tack,ERROR,http://statelinetack.com
Thompson Center Arms,,http://www.tcarms.com/
The Timberland Company,,https://www.timberland.com/
Wiggins Airways,,https://wiggins-air.com/
American Standard Companies,,https://www.americanstandard-us.com/about/company-info
Automatic Data Processing,,"https://en.wikipedia.org/w/index.php?title=ADP,_Inc.&action=edit"
Avaya,,https://avaya.com
Avis Budget Group,,https://avisbudgetgroup.com
Becton Dickinson,ERROR,http://bd.com
Bed Bath & Beyond,,https://en.wikipedia.org/w/index.php?title=Bed_Bath_%26_Beyond&action=edit
Benjamin Moore & Co.,,http://benjaminmoore.com
Bradco Supply,,https://www.bradcosupplycompany.net/
Burlington Coat Factory,,https://www.burlington.com/
Campbell Soup Company,,https://www.campbells.com/
Catalent,,http://catalent.com
"Ce De Candy, Inc.",,https://www.smarties.com/
Celgene,,https://www.bms.com/
Century 21 Real Estate,,http://www.century21.com/
The Children's Place,ERROR,http://www.childrensplace.com
Chubb Corp.,,https://www.chubb.com
Church and Dwight,,http://churchdwight.com
Coach USA,,http://www.coachusa.com/
Commerce Bancorp,,https://en.wikipedia.org/wiki/Commerce_Bancorp
Comodo Group,,https://www.comodo.com
Cooper Chemical Company,ERROR,http://www.cooperchemical.com
Curtiss-Wright,,http://curtisswright.com
Cytec Industries,,http://www.cytec.com
DRS Technologies,,https://leonardodrs.com
Emerson Radio,,http://www.emersonradio.com
Foodtown,ERROR,http://www.foodtown.co.nz/
Foster Wheeler Corporation,ERROR,http://www.fwc.com
The Great Atlantic and Pacific Tea Company,,https://web.archive.org/web/20151017072434/http://www.aptea.com:80/
Hartz Mountain Industries,,https://www.hartzmountain.com/
The Hertz Corporation,,https://www.hertz.com
Hovnanian Enterprises,,https://www.khov.com
Hudson City Bancorp,,http://www.hcsbonline.com
IDT Corp.,,https://www.idt.net/
Ingersoll Rand,,http://irco.com
Jackson Hewitt,,http://jacksonhewitt.com
Jersey Mike's Subs,,https://www.jerseymikes.com/
Johnson & Johnson,,http://jnj.com
Liberty Travel,,http://www.libertytravel.com/
Linens 'n Things,,https://lnt.com/
Louis Berger Group,,http://louisbergerinternational.com
Maidenform,ERROR,http://www.maidenform.com
Medarex,,https://en.wikipedia.org/wiki/Medarex
Medco Health Solutions,,http://www.medcohealth.com
Merck,,https://www.merck.com/
MTBC,,https://www.carecloud.com/
NRG Energy,,https://www.nrg.com/
New England Motor Freight,,https://en.wikipedia.org/wiki/New_England_Motor_Freight
New Jersey Resources,,http://njresources.com
PNY Technologies,,http://www.pny.com/
Pathmark Stores,,http://pathmark.com
Peterson's,,https://www.petersons.com
Pinnacle Foods,,https://web.archive.org/web/20170608103715/https://www.pinnaclefoods.com/
Prince Sports,,http://www.princetennis.com
Prudential Financial,,http://www.prudential.com
Public Service Electric and Gas Company,,http://pseg.com
R. R. Bowker,,http://www.bowker.com
Realogy,,http://anywhere.re
Reckitt Benckiser North America,,https://www.reckitt.com/offices/usa/
RCI,,https://www.rci.com/
Schering-Plough,,https://en.wikipedia.org/wiki/Schering-Plough
Sealed Air,,http://sealedair.com
Sixth Avenue Electronics,,https://6ave.com/
Spencer's Gifts,,http://spencersonline.com
"Toys ""R"" Us",,https://www.trukidsbrands.com
Unigene Laboratories,ERROR,http://www.unigene.com
Valley National Bank,,http://valley.com/
VoicePulse,ERROR,https://www.voicepulse.com
Vonage,,http://vonage.com
Wakefern Food Corporation,,http://www2.wakefern.com/
Weeks Marine,,https://www.weeksmarine.com/
Wyeth,,https://andrewwyeth.com/
Wyndham Worldwide,,https://www.travelandleisureco.com
Blake's Lotaburger,,http://www.lotaburger.com/
Deep Web Technologies,,http://deepwebtech.com/
Eclipse Aviation,,https://web.archive.org/web/*/http://www.eclipseaviation.com
Laguna Development Corporation,,https://web.archive.org/web/20141110122215/http://www.nmhistoricpreservation.org/assets/files/registers/2012%20Report_%20Section%203_%20Arranged%20by%20Number.pdf
New Mexico Airlines,,http://www.flynma.com
PNM Resources,,http://pnmresources.com
Prediction Company,,https://en.wikipedia.org/wiki/Prediction_Company
Thornburg Mortgage,,http://www.thornburgmortgage.com/
3C Institute,,https://www.3cisd.com/
ACN Inc.,,https://ACN.com/
Advance Auto Parts,,http://www.advanceautoparts.com/
Albemarle Corporation,,http://albemarle.com
Alex Lee Inc.,,http://www.alexlee.com
AM Racing,,https://www.amracingteam.com/
American Spirit Media,,http://americanspiritmedia.tv/
American Tire Distributors,,https://www.atd.com/
Atrium Health,,http://www.AtriumHealth.org
Bahakel Communications,,https://bahakeldigital.com/about/
Bank of America,,http://bankofamerica.com
Bandwidth (company),,https://www.bandwidth.com
Baen Books,,http://www.baen.com
Belk,ERROR,https://www.belk.com/
Bernhardt Design,,http://bernhardtdesign.com/
The Biltmore Company,,http://www.biltmore.com
Biltmore Farms,,http://www.biltmorefarms.com/
BioCryst Pharmaceuticals,,http://www.biocryst.com/
Biscuitville,,http://biscuitville.com
Bojangles' Famous Chicken 'n Biscuits,,https://www.bojangles.com/
BonWorth,,https://bonworth.com/
Boone Drug,,http://www.boonedrug.com/
Brighthouse Financial,,http://brighthousefinancial.com
Burt's Bees,,http://burtsbees.com
Butterball,,http://www.butterball.com/
Capitol Broadcasting Company,,http://www.capitolbroadcasting.com/
CaptiveAire Systems,,http://captiveaire.com
Carlie C's,,https://www.carliecs.com/
Carolina Academic Press,,http://www.cap-press.com/
Cheerwine,,http://www.cheerwine.com
Carolina Biological Supply Company,,https://www.carolina.com/
Carolina Foods,,http://carolinafoodsinc.com/
Carquest,,http://www.carquest.ca/
Carr Amplifiers,,http://www.carramps.com/
Cary Audio Design,,http://www.caryaudio.com/
Cato Corporation,,http://www.catofashions.com/
Cedar Fair,,http://www.cedarfair.com/
CenterEdge Software,,http://centeredgesoftware.com
Champion,ERROR,https://www.champion.com/
ChannelAdvisor,,http://www.channeladvisor.com
Charles & Colvard,Yes,https://www.charlesandcolvard.com/
Coastal Studios,,https://en.wikipedia.org/wiki/Coastal_Studios
Coca-Cola Bottling Co. Consolidated,,http://cokeconsolidated.com
Collins Aerospace,,https://www.collinsaerospace.com
Columbia Forest Products,,http://www.columbiaforestproducts.com/
CommScope,,https://www.commscope.com/
Consonus,,https://www.consonushealth.com/
Cook Out,,https://cookout.com/
Crescent Communities,,http://www.crescentcommunities.com/
Crowder Construction Company,,http://www.crowderusa.com/
Curtis Media Group,,https://curtismedia.com/
Curtiss-Wright,,http://curtisswright.com
Deere,,https://www.deere.com/en/index.html
Deltec Homes,,http://www.deltechomes.com/
Dentsply Sirona,ERROR,http://dentsplysirona.com
D.H. Griffin Companies,,http://www.dhgriffin.com
Dole plc,,https://www.doleplc.com
Duke Energy,,http://www.duke-energy.com
Earth Fare,,https://www.earthfare.com/
Enpro Industries,,http://www.enproindustries.com
Environmental Performance Vehicles,,https://en.wikipedia.org/wiki/Environmental_Performance_Vehicles
Epic Games,ERROR,http://epicgames.com
ESPNU,,http://espn.go.com/watchespn/index
Extended Stay America,ERROR,http://www.extendedstayamerica.com
Family Dollar,,https://www.familydollar.com
Firefly Balloons,,http://www.fireflyballoons.net
First Bancorp,ERROR,https://www.nasdaq.com/market-activity/stocks/fbnc
First Citizens BancShares,,http://firstcitizens.com
Food Lion,ERROR,http://www.foodlion.com
The Fresh Market,,https://www.thefreshmarket.com
Front Row Motorsports,ERROR,https://www.nascar.com/racing-teams/front-row-motorsports/
Furnitureland South,,http://www.furniturelandsouth.com/
Fusion3,,http://www.fusion3design.com
Fuzzy Logix,ERROR,http://www.fuzzylogix.com
G1 Therapeutics,,http://g1therapeutics.com
Geoff Bodine Racing,,https://en.wikipedia.org/wiki/Geoff_Bodine_Racing
Ginn Racing,,https://en.wikipedia.org/wiki/MB2_Motorsports
"Glen Raven, Inc.",,https://www.glenraven.com/
Golden Corral,,http://goldencorral.com
Graco (baby products),ERROR,http://www.gracobaby.com
"Graphik Dimensions, Ltd.",ERROR,http://www.graphikdimensions.com
Growler Manufacturing and Engineering,,https://www.growlerme.com/
Haas F1 Team,,https://www.haasf1team.com
Hanesbrands,ERROR,https://www.hanes.com/corporate
Harris Teeter,ERROR,https://www.harristeeter.com
HDG International Group,,https://en.wikipedia.org/wiki/HDG_International_Group
Hendrick Motorsports,,https://www.hendrickmotorsports.com/
HomeTrust Bancshares,ERROR,https://www.nasdaq.com/market-activity/stocks/htbi
Honda Aero,,http://world.honda.com/hondajet
Honda Aircraft Company,,http://www.hondajet.com
Honeywell,ERROR,http://honeywell.com
HSM (company),,http://www.hsmsolutions.com/
Hwy 55 Burgers Shakes & Fries,,http://www.hwy55.com/
The Iconfactory,,http://www.iconfactory.com
Ingersoll Rand,,http://irco.com
Ingles,,http://ingles-markets.com
IntelliScanner Corporation,,http://www.intelliscanner.com
ITG Brands,,https://www.itgbrands.com/
Jaggaer,,http://jaggaer.com
Jeld-Wen,,http://www.jeld-wen.com
Jennifer Jo Cobb Racing,,https://www.facebook.com/JJCRacing/
Jerry's Artarama,,http://www.jerrysartarama.com
Jimmy Means Racing,,https://jimmymeansracing.com/
Joe Gibbs Racing,,https://www.joegibbsracing.com/
JR Motorsports,,https://www.jrmracing.com/
JTG Daugherty Racing,,https://jtgdaughertyracing.com/
K&W Cafeterias,,http://www.kwcafeterias.com/
Kayser-Roth,,http://www.kayser-roth.com/
Kidde,,https://www.kidde.com
Kontoor Brands,,http://kontoorbrands.com
Koury Corporation,,http://www.kourycorp.com/
Krispy Kreme,,http://krispykreme.com
LabCorp,,http://www.labcorp.com
Lance Inc.,,https://www.lance.com/
LendingTree,,http://lendingtree.com
Lichty Guitars,,https://lichtyguitars.com/
Liggett Group,,http://www.liggettgroup.com
Limited Run Games,,https://limitedrungames.com/
Little Diversified Architectural Consulting,,http://www.littleonline.com
Live Oak Bank,,http://www.liveoakbank.com
Lenovo,,http://lenovo.com
Locus Biosciences,,http://www.locus-bio.com/
Lolly Wolly Doodle,,http://lollywollydoodle.com
Lord Corporation,ERROR,http://lord.com
Lowe's,ERROR,https://lowes.com/
Lowes Foods,,http://www.lowesfoods.com
Ludwig Drums,,http://ludwig-drums.com
MAACO,ERROR,http://www.maaco.com/
Mack Trucks,,http://macktrucks.com
Martin Marietta Materials,,http://martinmarietta.com
McFarland & Company,,https://mcfarlandbooks.com/
McKinney (advertising agency),,https://mckinney.com/
Mechanics and Farmers Bank,,https://www.mfbonline.com/
Meineke Car Care Centers,,http://www.meineke.com
Melon Bicycles,,http://www.melonbicycles.com/
Merge Records,,http://www.mergerecords.com
Microsoft,,https://en.wikipedia.org/w/index.php?title=Microsoft&action=edit
Microtech Knives,,https://microtechdefense.com
Moog Music,,http://www.moogmusic.com/
MotorAve,,http://motorave.com/
Mt. Olive Pickle Company,,http://www.mtolivepickles.com/
Mountain Air Cargo,,http://www.mtaircargo.com/
Nantahala Outdoor Center,,https://noc.com/
NASCAR,ERROR,http://NASCAR.com
Nascent Republic Records,,http://www.nascentrepublic.com
National Gypsum,,https://www.nationalgypsum.com/
Nautilus Productions,ERROR,http://nautilusproductions.com
nCino,,http://ncino.com
NEMCO Motorsports,,https://en.wikipedia.org/wiki/NEMCO_Motorsports
North Carolina Mutual Life Insurance Company,,https://ncmutuallife.com/
Novant Health,,http://novanthealth.org/rowan
Nucor,ERROR,https://www.nucor.com/
Odell Associates,,https://www.odell.com/
Old Dominion Freight Line,,http://odfl.com
Pamlico Capital,,http://www.pamlicocapital.com/
The Pantry,ERROR,https://pantry.panerabread.com/
Petty GMS Motorsports,,https://en.wikipedia.org/wiki/Legacy_Motor_Club
Piedmont Natural Gas,,http://www.piedmontng.com
Plant Delights Nursery,,http://www.plantdelights.com//
"Premier, Inc.",,http://premierinc.com
PredictifyMe,,http://predictify.me/
PrecisionHawk,,http://PrecisionHawk.com
Progress Energy Inc,,https://www.duke-energy.com/
Purolator Filters,,http://pureoil.com
Putt-Putt Fun Center,,https://puttputt.com/
Qorvo,,https://www.qorvo.com/
Rack Room Shoes,,http://rackroomshoes.com
Redeye Distribution,,https://www.redeyeworldwide.com/
Red Hat,,http://redhat.com/en/global/czech-republic
Red Oak Brewery,,http://redoakbrewery.com
Red Storm Entertainment,,http://redstorm.com/
Reeds Jewelers,,http://www.reeds.com/
"Replacements, Ltd.",,http://www.replacements.com/
Reynolds American,,https://www.reynoldsamerican.com/
RFK Racing,,https://www.rfkracing.com/
Roses Stores,,http://www.rosesdiscountstores.com
Rick Ware Racing,,https://www.wareracing.com/
Richard Childress Racing,ERROR,https://www.rcrracing.com/
RSC Brands,,http://rscbrands.com
Saint Benedict Press,,http://www.saintbenedictpress.com
Salsarita's Fresh Mexican Grill,,http://salsaritas.com/
SAS Institute,,https://www.sas.com/
Sealed Air,,http://sealedair.com
Sealy Corporation,,https://www.sealy.com
Shearline Boatworks,,https://www.shearlineboatworks.com/
Shoe Show,,https://www.shoeshowmega.com/
Showmars,,https://showmars.com/
Shurtape Technologies,,https://shurtapetech.com
Smithfield's Chicken 'N Bar-B-Q,,http://scnbnc.com/
Snyder's-Lance,,https://www.campbellsoupcompany.com/our-food/campbell-snacks/
Social Blade,ERROR,https://socialblade.com/
Sonic Automotive,,http://ir.sonicautomotive.com
Southern Bank,,http://www.southernbank.com/
Southern Express,,https://iflysouthern.com/
Speed (TV network),,http://foxsports.com
Speedball (art products),,https://www.speedballart.com/
Speedway Motorsports,ERROR,http://www.dovermotorsports.com/
Spire Sports + Entertainment,,http://spiresportsinc.com
SplendidCRM,,http://www.splendidcrm.com/
SPX Corporation,,https://www.spx.com
Spoonflower,,http://www.spoonflower.com
SS-Green Light Racing,,https://www.ssgreenlight.com/
Stewart-Haas Racing,,https://www.stewarthaasracing.com/
Syneos Health,,https://www.syneoshealth.com/
Tanger Factory Outlet Centers,,https://www.tangeroutlet.com/
Team Penske,,https://www.teampenske.com/
Tengion,ERROR,http://www.tengion.com/
Thomas Built Buses,,http://www.thomasbuiltbuses.com/
Thorlo Inc.,,http://www.thorlo.com
TigerSwan,,https://en.wikipedia.org/wiki/TigerSwan
Tommy Baldwin Racing,,http://www.tommybaldwinracing.com/
Triad Racing Technologies,,http://www.triadrt.com
Truist Financial,,https://www.truist.com
TW Garner Food Company,,http://www.texaspete.com
US Legend Cars,,https://www.uslegendcars.com/
Valencell,ERROR,http://www.valencell.com
Virtual Heroes,,http://www.virtualheroes.com/
Vontier,,http://vontier.com
Wells Fargo,,https://www.wellsfargo.com/
Wheatstone Corporation,,http://wheatstone.com
Wolfspeed,,https://www.wolfspeed.com/
Wood Brothers Racing,ERROR,https://www.woodbrothersracing.com/
WORX,,http://www.worx.com/
Wyndham Capital Mortgage,,https://www.wyndhamcapital.com
Yep Roc Records,,http://yeproc.com
Zaloni,,https://www.zaloni.com/
Abercrombie & Fitch,ERROR,http://abercrombie.com
ABX Air,,https://www.abxair.com/
Acme Fresh Market,,https://www.acmestores.com/
Aeronca Aircraft,,http://archive.org/details/aerodigest2819unse/page/n62
AirNet Express,,http://www.airnet.com
Airstream,,https://www.airstream.com/
AK Steel Holding,,https://www.aksteel.com/
"Aleris International, Inc.",,http://aleris.com
Alien Workshop,,https://www.alienworkshop.com/
American Electric Power,,http://aep.com
American Financial Group,ERROR,http://afginc.com
American Greetings,,http://www.americangreetings.com/
AmTrust Bank,,https://www.mynycb.com/
Applied Industrial Technologies,,https://www.nyse.com/quote/XNYS:AIT
Argus,,https://www.argusmedia.com/en/
Armored Trunk Manufacturing Company,,http://www.innerspacecases.com/
Babcock & Wilcox,,http://babcock.com
Bath & Body Works,,https://www.bathandbodyworks.com
Battelle Memorial Institute,,https://www.battelle.org/
Big Lots,ERROR,http://biglots.com
bigg's,,https://www.remkes.com/
Bob Evans Restaurants,,https://www.bobevans.com/
Cardinal Health,ERROR,https://www.cardinalhealth.com/
CareSource,,https://www.caresource.com/
Castle Aviation,,http://www.castleair.com/
Charley's Grilled Subs,,http://charleys.com
Charter One Bank,ERROR,http://www.citizensbank.com/
Cedar Fair,,http://www.cedarfair.com/
Chiquita Brands International,,https://archive.org/details/78_chiquita-banana_elsa-miranda-alfredo-antonini-and-his-viva-america-orchestra-mckenz_gbia0185276a/CHIQUITA+BANANA+-+Elsa+Miranda+-+Alfredo+Antonini+and+his+Viva+America+Orchestra.flac
Cincinnati Financial,,http://www.cinfin.com
Cintas,,https://www.cintas.com
Cleveland-Cliffs,,http://www.clevelandcliffs.com/
Codeworks,ERROR,http://www.ctcodeworks.com
Commerce National Bank,,http://firstmerchants.com
Convergys,,http://www.convergys.com
Cooper Tire & Rubber Company,,https://us.coopertire.com/
Crown Equipment Corporation,,http://www.crown.com
Dana Holding Corporation,,https://www.dana.com/
Diebold,ERROR,http://dieboldnixdorf.com
Donatos Pizza,,https://www.donatos.com/
Dorothy Lane Market,,https://www.dorothylane.com/
DPL Inc.,ERROR,http://www.dplinc.com/
E.W. Scripps Company,,http://www.scripps.com
Eaton Corporation,ERROR,http://eaton.com
Elder-Beerman,,http://elder-beerman.com
Electronix corporation,,https://en.wikipedia.org/wiki/Electronix_corporation
ERC,,http://www.google.com/aclk?sa=l&ai=DChcSEwitj9agoZeAAxWO1sgKHQn2D2gYABAAGgJxdQ&sig=AOD64_0DUaVH_fwCG8NKOpXcpwFAblf9vw&ved=2ahUKEwj5ws6goZeAAxXCGFkFHRUFDg4Q0Qx6BAgNEAE&adurl=
Esther Price Candies,,https://estherprice.com/
Euclid-Hitachi Heavy Equipment Ltd.,,https://www.hitachicm.com/global/en/news/press-releases/2003/03-12-24/
Evenflo Company,,http://www.evenflo.com
Federated Department Stores,,http://macysinc.com
Ferro Corporation,,https://www.ferro.com
Fifth Third Bank,,https://www.53.com/
FirstEnergy,,http://firstenergycorp.com
Forest City Enterprises,,http://www.forestcity.net/
GE-Aviation,,https://www.geaerospace.com/
Gojo Industries,,http://www.gojo.com/
Gold Star Chili,,https://www.goldstarchili.com/
Goodyear,,https://www.goodyear.com/
Grand Aire Express,,https://www.grandaire.com
Grismer,,http://www.grismertire.com
Heinen's Fine Foods,,http://www.heinens.com
"Hexion Specialty Chemicals, Inc.",,http://www.hexion.com/
Hi-Point Firearms/Beemiller,,https://www.hi-pointfirearms.com/
Hitachi Medical Systems America Inc.,ERROR,https://www.hitachi.us/products/medical
Hobart Corporation,,http://www.hobartcorp.com
Hollister Co.,ERROR,http://hollisterco.com
Holtkamp Organ Company,,http://www.holtkamporgan.com/
Huffy,,https://www.huffybikes.com
Human Race Theatre Company,,https://humanracetheatre.org/
Huntington Bancshares Inc.,ERROR,https://www.huntington.com/
Industramark,,https://industramark.com.au/
Invacare,,http://invacare.com/
Jo Ann Stores,,http://www.joann.com
Kettering Health Network,,https://ketteringhealth.org/
Key Bank,ERROR,http://www.key.com/
Kroger,ERROR,https://www.kroger.com/
Lane Bryant Inc.,,https://www.lanebryant.com/
LexisNexis,,https://www.lexisnexis.com/en-us/home.page
LensCrafters,ERROR,https://www.lenscrafters.com
Limited Brands,,https://www.bbwinc.com/
Lincoln Electric,,http://lincolnelectric.com
Lubrizol,ERROR,http://www.lubrizol.com
Malley's Chocolates,,http://www.malleys.com/
"Manor Care, Inc.",,https://www.promedicaseniorcare.org/
Marathon Petroleum Company,ERROR,https://www.marathonpetroleum.com/
Marc's,,https://www.marcs.com/
Matco Tools,,https://www.matcotools.com/
Mayfran International,,http://www.mayfran.com/
Max & Erma's,,https://www.maxandermas.com/
Medical Mutual of Ohio,,http://www.medmutual.com/
Mike-sell's,,https://en.wikipedia.org/wiki/Mikesell%27s
Motoman,,https://www.yaskawa.co.jp/en/
Moen,ERROR,https://www.moen.com/
NACCO Industries,,http://www.nacco.com/
National City Corporation,,https://web.archive.org/web/*/http://www.nationalcity.com/
Nationwide Insurance,ERROR,http://Nationwide.com/
NCR Corporation,,http://ncr.com
Nestlé USA - Prepared Foods Division,,https://www.nestleusa.com/
NewPage Corporation,ERROR,http://newpagecorp.com/
Owens Corning,,https://www.owenscorning.com/
Owens-Illinois,,http://o-i.com
Park National Bank (FBOP),,https://parknationalbank.com/
Park National Bank (Ohio),,https://www.nyse.com/quote/XASE:PRK
Parker Hannifin,ERROR,http://parker.com
Pearle Opticians,ERROR,http://www.pearlevision.com
PolyOne Corporation,,http://avient.com
Premier Health Partners,,https://www.premierhealth.com/
Procter & Gamble,,https://pg.com/
Progressive Corporation,ERROR,https://www.progressive.com
PSA Airlines,,http://psaairlines.com
Rax Restaurants,,http://raxroastbeef.com
The Reynolds and Reynolds Company,,https://www.reyrey.com/
Retail Ventures,ERROR,http://www.retailventuresinc.com
RIDGID,,http://www.ridgid.com/
Caliber System,,https://en.wikipedia.org/wiki/Caliber_System
RPM International,,https://www.rpminc.com/
Scailex Corporation,ERROR,http://www.scailex.com
Scotts Miracle-Gro Company,,http://scottsmiraclegro.com/
Sherwin-Williams Company,Yes,http://sherwin-williams.com
Skyline Chili,,https://www.skylinechili.com/
Skybus Airlines,,https://web.archive.org/web/*/http://www.skybus.com
The J.M. Smucker Co.,,http://jmsmucker.com
Speedway SuperAmerica,,http://www.speedway.com
Steak Escape,,https://www.steakescape.com/
Sunglass Hut International,ERROR,http://sunglasshut.com
Sunny Delight Beverages,,https://sunnyd.com/
Teradata,,https://www.teradata.com
Thor Industries,,https://www.thorindustries.com
Timken Company,,http://www.timken.com/
Trans States Airlines,ERROR,http://www.transstates.net
TransDigm Group,,http://transdigm.com
TravelCenters of America,,http://ta-petro.com
Tween Brands,,https://www.shopjustice.com
United States Playing Card Company,,http://www.usplayingcard.com
Vertiv,,http://vertiv.com
Victoria's Secret,,https://www.cnbc.com/video/2019/02/07/victorias-secret-changed-lingerie-but-now-falls-behind.html
Wendy's,,http://www.wendys.com/
Western & Southern Financial Group,,https://www.westernsouthern.com
Westfield Insurance,,http://www.westfieldinsurance.com
White Castle,,https://www.whitecastle.com/
Worthington Industries,,https://worthingtonindustries.com/
YRC Regional Transportation,,https://yrc.com/
Beaujon Aircraft,,https://en.wikipedia.org/wiki/Beaujon_Aircraft
Groendyke Transport,,https://groendyke.com/
Hitachi Computer Products (America) Inc.,,https://www.hitachi.com/environment/select/list/hicam/index.html
Homeland Supermarkets,,https://www.homelandstores.com/
LegalShield,,http://legalshield.com
Reasor's,,https://www.reasors.com/
Zivko Aeronautics,,http://www.zivko.com/
Airgas,,https://www.airgas.com/
Allen Organ Company,,http://www.allenorgan.com/
Armstrong World Industries,,https://www.armstrongceilings.com/
Associated Wholesalers,,http://www.awiweb.com/corp/home.html
Blair Corporation,,http://www.blair.com/
The Bon-Ton,,http://bonton.com
Boscov's,ERROR,https://www.boscovs.com
Bruster's Ice Cream,,http://brusters.com
Burpee Seeds,,http://burpee.com
Cephalon,ERROR,http://www.cephalon.com
Charming Shoppes,,https://web.archive.org/web/20061105110734/http://www.charmingshoppes.com/
Conestoga Wood Specialties,,http://www.conestogawood.com/
Crayola LLC,,https://www.crayola.com/
David's Bridal,,https://www.davidsbridal.com
Dentsply International,ERROR,http://dentsplysirona.com
Dick's Sporting Goods,,http://dickssportinggoods.com
Eat'n Park,,http://enphospitality.com
Equitable Resources,,https://www.eqt.com
Erie Insurance Group,,http://erieinsurance.com
FMC Corp.,,http://fmc.com
Frankford Candy & Chocolate Company,,http://www.frankfordcandy.com/
GE Transportation Systems,,https://www.wabteccorp.com
General Nutrition Centers,,http://gnc.com
Genesis HealthCare,ERROR,http://www.genesishcc.com
"Giant Food of Carlisle, Pennsylvania",ERROR,http://martinsfoods.com
Gilson Snow,,http://www.gilsonsnow.com
Harsco Corporation,,http://www.harsco.com/
Hatfield Quality Meats,ERROR,https://simplyhatfield.com/
H. J. Heinz Company,,https://www.heinz.com/
Hershey Foods Corporation,,https://www.thehersheycompany.com/en_us/home.html
Ikon Office Solutions,,https://en.wikipedia.org/wiki/Ikon_Office_Solutions
JLG Industries,,http://www.jlg.com/
Jones Apparel Group,,https://www.jny.com/
Just Born,,http://www.justborn.com/
Kenexa Corporation,ERROR,https://www.ibm.com/talent-management/
Kennametal,,http://www.kennametal.com/
Knoll,,https://www.knoll.com/
Lincoln National Corporation,,http://lincolnfinancial.com
Loud Brothers,,https://loathsomecharacters.miraheze.org/wiki/The_Loud_Brothers
MAACO,ERROR,http://www.maaco.com/
Mack Trucks,,http://macktrucks.com
Majestic Athletic,,https://www.majesticathletic.com/
Meadows Frozen Custard,,https://meadowsfrozencustard.com/
Mellon Financial,,http://mellon.com/
Natrona Bottling Company,,https://www.natronabottling.com/
NCO Group,,http://ncogroup.com
New Era Tickets,ERROR,http://www.fanonemarketing.com/
New Penn,,http://myyellow.com
Penn National Gaming,,http://pennentertainment.com
Pep Boys Manny Moe & Jack,,https://www.pepboys.com/
PNC Financial Services,,http://pnc.com
PPG Industries,,http://www.ppg.com
PPL,,https://www.pplelectric.com/
QVC,,http://www.qvc.com/
"Respironics, Inc.",,http://www.respironics.com/
Rite Aid Corporation,,https://www.riteaid.com/
"Rodale, Inc.",ERROR,http://rodale.com
Rohm and Haas,,http://www.rohmhaas.com/
Select Medical Corporation,,http://www.selectmedical.com
Sovereign Bank,,http://www.santanderbank.com
Spring Garden National Bank,,https://en.wikipedia.org/wiki/Spring_Garden_National_Bank
STV Group,,https://www.stvplc.tv
SunGard,,https://www.sungardas.com/en-us/
Sunoco,,https://www.SunocoLP.com/
"Teleflex, Inc.",,http://www.teleflex.com
TransDigm Group,,http://transdigm.com
Triumph Group,,http://www.triumphgroup.com/
Toll Brothers,,http://tollbrothers.com
UGI Corporation,,https://www.ugicorp.com/
Unisys,,https://www.unisys.com/
USX,,http://www.ussteel.com
Universal Health Services,,http://uhs.com
Urban Outfitters,ERROR,http://urbn.com
USA 3000 Airlines,,http://www.USA3000.com
U.S. Steel,,http://www.ussteel.com
USF Glen Moore,,http://myyellow.com
The Vanguard Group,,http://www.vanguard.com
ViroPharma,,http://www.viropharma.com/
Vishay Intertechnology,ERROR,http://vishay.com
VWR International,,http://www.vwr.com
Weis Markets,ERROR,https://www.weismarkets.com/
WESCO International,,http://wesco.com
Wilbur Chocolate Company,,http://www.wilburbuds.com
Woolrich,,https://www.woolrich.com/
Zippo,,http://zippo.com
AgFirst,,http://www.agfirst.com/
Denny's,,https://www.dennys.com/
Hitachi Electronic Devices (USA) Inc.,ERROR,https://www.hitachi.us/press/11232010
Michelin North America,,https://www.michelin.com/en/
Park Seed Company,,https://parkseed.com
Prym,,http://www.prym-group.com
Sonoco Products,,https://www.sonoco.com
Struthers-Dunn,,http://www.struthers-dunn.com/
Black Hills Ammunition,,http://www.black-hills.com/
Black Hills Corporation,ERROR,http://blackhillscorp.com/
"Dakota, Minnesota and Eastern Railroad",,"https://en.wikipedia.org/wiki/Dakota,_Minnesota_and_Eastern_Railroad"
Daktronics,,http://daktronics.com
Home Federal Bank,,https://www.hfb.bank/
Rainbow Play Systems,,https://www.rainbowplay.com/
AC Entertainment,,http://www.acentertainment.com/
Access America Transport,ERROR,http://ups.com
American Residential Services,,http://www.ars.com
AutoZone,ERROR,http://autozone.com
Averitt Express,,https://www.averitt.com/
Boss Hoss Cycles,ERROR,http://www.bosshoss.com
Bush Brothers and Company,,http://www.bushbeans.com
Chattem,,http://www.chattem.com
Community Health Systems,,http://www.chs.net/
Covenant Transport,,http://www.ctgcompanies.com/
Cracker Barrel,,http://www.crackerbarrel.com
CraftWorks Restaurants & Breweries,,https://www.spbhospitality.com/
CTSI-Global,,https://ctsi-global.com
Dollar General,,http://www.dollargeneral.com
Double Cola,,http://www.double-cola.com
Eastman Chemical Company,,https://www.eastman.com/
EdFinancial Services,,https://edfinancial.com/welcome
Elvis Presley Enterprises,,https://en.wikipedia.org/wiki/Elvis_Presley_Enterprises
FedEx,,https://www.fedex.com/
First Horizon National Corporation,,http://firsthorizon.com/
First Tennessee,,http://firsthorizon.com/
Fred's,,https://web.archive.org/web/20190222112049/http://fredsinc.com/
IdleAir,ERROR,http://www.idleair.com/
International Paper,,http://internationalpaper.com
Jack Daniel's Distillery,,https://npgallery.nps.gov/AssetDetail/NRIS/72001248
Jiffy Steamer,Yes,https://jiffysteamer.com/
King Pharmaceuticals,,http://www.kingpharm.com/
Lenny's Sub Shop,,http://lennys.com
Lodge,,https://www.lodgecastiron.com/
Malco Theatres,,http://www.malco.com
Malibu Boats,,http://www.malibuboats.com
MasterCraft,,http://mastercraft.com
McKee Foods,,http://www.mckeefoods.com
Memphis Furniture,,https://www.mymemphisfurniture.com/
"Memphis Light, Gas and Water",,https://www.mlgw.com/
The Metadata Company,,https://metadata.io/
National Narrowcasting Network,,https://en.wikipedia.org/wiki/National_Narrowcasting_Network
Nissan North America Inc.,,http://www.infinitiusa.com
Olan Mills,ERROR,https://www.churchdirectories.lifetouch.com/olan-mills-joins-lifetouch
Old Time Pottery,,http://www.oldtimepottery.com
Pal's,,https://palsweb.com/
Perkins Restaurant and Bakery,,http://www.perkinsrestaurants.com/
Petro's Chili & Chips,,https://www.petros.com/
Pilot Flying J,,http://pilotflyingj.com
PooPrints,,http://www.pooprints.com/
Regal Entertainment Group,ERROR,http://REGmovies.com/
Ruby Tuesday,,https://www.rubytuesday.com/
ServiceMaster,,https://www.servicemaster.com/about/
Servpro,,http://servpro.com
Singer Corporation,,https://www.singer.com/
"STR, Inc",ERROR,https://str.com/
Tennessee Valley Authority,ERROR,http://www.tva.com
Thermocopy,,http://www.thermocopy.com
Tractor Supply Company,ERROR,http://tractorsupply.com
Unum,,http://unum.com
Varsity Brands,,http://www.varsitybrands.com/
Weigel's,,https://www.weigels.com
AirNow,,https://www.airnow.gov/
Ben & Jerry's,,https://www.benjerry.com
Bruegger's,,http://michelsbakerycafe.com
Burton Snowboards,,http://www.burton.com
Crane & Co.,,http://www.cranecurrency.com
National Life Group,,http://nationallife.com/
Orvis,,http://orvis.com
Tuttle Publishing,,http://tuttlepublishing.com/
Albemarle Corporation,,http://albemarle.com
American Woodmark,,http://americanwoodmark.com
AMERIGROUP Corporation,ERROR,http://www.amerigroup.com/
AOL,,https://help.aol.com/articles/aol-desktop-downloading-and-installing
The Brink's Company,,http://brinks.com
Bowlero Corporation,,http://BowleroCorp.com
CACI,,http://caci.com
Capital One,,https://www.capitalone.com/
CarMax,ERROR,http://carmax.com
Circuit City,,http://www.circuitcity.com/
Colgan Air,ERROR,http://www.colganair.com
Compass Airlines,,https://en.wikipedia.org/wiki/Compass_Airlines_(North_America)
Dollar Tree,,https://www.dollartreecanada.com/
Dominion Resources,,http://dominionenergy.com
DynCorp International,,http://www.dyn-intl.com
Estes Express Lines,,http://estes-express.com
Farm Fresh Food & Pharmacy,,https://web.archive.org/web/*/http://www.farmfreshsupermarkets.com/
Federal Home Loan Mortgage Corporation,,https://www.freddiemac.com
Ferguson Enterprises,,http://www.ferguson.com/
Five Guys,,http://fiveguys.com
GE Fanuc Automation,,http://www.emerson.com/industrial-automation-controls/
Gannett,,http://gannett.com
General Dynamics,,http://gd.com
Genworth Financial,,http://www.genworth.com
IPIX,,https://ipix.com/
Interstate Van Lines,,http://moveinterstate.com
KVAT Food City,,http://foodcity.com/
L-3 Flight International Aviation,ERROR,https://www.vtxaero.com/flight-international/
Lafarge North America,,https://www.bloomberg.com/profile/company/LAF:US
